name,billing_id
A.F.P. MUTUAL WATER COMPANY,100030
AA PRODUCTION SERVICES,100036
ABA ENERGY CORPORATION,100041
ADAMS SPRINGS WATER DISTRICT,100052
AERA ENERGY LLC,100078
AERA ENERGY LLC - WATER,100092
AERA ENERGY LLC - OIL,100095
MCCLELLAN AIR FORCE BASE,100099
AGATE BAY WATER COMPANY,100105
AHTNA ENVIRONMENTAL INC.,100130
AHWAHNEE MAINTENANCE DISTRICT 46,100132
AIR FORCE REAL PROPERTY AGENCY - MATHER,100172
AIR PRODUCTS MANUFACTURING COMPANY,100211
AIRCRAFT SERVICES INTERNATIONAL INC.,100264
ALAMEDA COUNTY WATER DISTRICT,100422
ALAMO POWER DISTRICT #3,100435
ALCO WATER,100448
ALLENSWORTH COMMUNITY SERVICES DISTRICT,100481
ALLUVIAL/FANCHER WASTE WATER DIST #42,100501
ALAMEDA COUNTY FLOOD CONTROL ZONE 7,100528
ALAMO SEWER & WATER G.I.D.,100541
ALMONTE SANITARY DISTRICT,100554
ALON BAKERSFIELD PROPERTY INC.,100582
ALPAUGH COMMUNITY SERVICES DISTRICT,100595
ALPINEMEADOW CSA#13WTR,100608
ALPINE MEADOWS PROPERTY OWNERS ASSOC,100614
ALPINE NATURAL GAS,100621
ALPINE SPRINGS COUNTY WATER DISTRICT,100633
ALTO SANITARY DISTRICT,100791
AMADOR REGIONAL SANITARY AUTHORITY,100913
AMADOR WATER AGENCY,100925
AMEC FOSTER WHEELER,100936
AMERICAN PACIFIC CORPORATION,100947
AMERICAN VALLEY COMMUNITY SERVICES DISTR,100949
AMERICAN YEAST CORPORATION,100951
AMERICAN WATER SERVICES - EAST PALO ALTO,100955
AMERIGAS - SPARKS,100980
AMERIGAS - CONCORD 0125,100983
AMERIGAS - REDDING,100990
AMERIGAS - LAKEPORT,101007
AMERIGAS - HAWTHORNE/TONOPAH,101008
AMERIGAS - MAMMOTH LAKES,101009
AMERIGAS PROPANE,101011
AMERIGAS PROPANE - 0071,101012
AMERIGAS - SUSANVILLE,101013
ANACAPA OIL CORPORATION,101014
ANCHOR BREWING COMPANY,101015
AMERIGAS PROPANE - 1031,101018
AMERIGAS PROPANE - 5196,101020
AMERIGAS - CARSON CITY,101022
AMERIGAS - WALKER/BRIDGEPORT,101027
ANDEAVOR MARTINEZ REFINERY,101028
ANDERSON - COTTONWOOD IRRIGATION,101029
ANDERSON SPRINGS COMMUNITY SERVICES DIST,101037
"APTIM FEDERAL SERVICES, LLC",101038
ANTEA GROUP,101039
ANTELOPE VALLEY WATER STORAGE,101040
ARCHER OPERATIONS CALIFORNIA LLC,101041
ANTELOPE VALLEY - EAST KERN WATER,101042
ARMONA COMMUNITY SERVICES DISTRICT,101044
APPLE INC.,101045
ARBOR POINT - MOBILE HOME COMMUNITY,101047
ARMSTRONG PETROLEUM CORPORATION,101048
ARROYO SECO ESTATES MUTUAL WATER COMPANY,101050
ARIA RESORT AND CASINO,101051
AT&T TRANSMISSION - CALIFORNIA,101055
ARBUCKLE PUBLIC UTILITIES DISTRICT,101214
AROMAS WATER DISTRICT,102105
ARVIN COMMUNITY SERVICES DISTRICT,102110
ARVIN - EDISON WATER DISTRICT,102532
ASTER APARTMENTS,102637
AT&T TRANSMISSION - NEVADA,102743
ATASCADERO MUTUAL WATER COMPANY,102954
ATLANTIC OIL COMPANY,102958
AUBURN PUBLC CEMETERY,102961
AVILA BEACH COMMUNITY SERVICES DISTRICT,102963
"B-PVL1, LLC",102973
BAJA BROADBAND - MESQUITE,102979
BAKER WATER & SEWER GID,102983
"BAKMAN WATER COMPANY, INC",102989
BANK OF STOCKTON,102992
BANTA - CARBONA IRRIGATION DISTRICT,102993
BARTON HEALTH,102996
BASIC WATER COMPANY,102998
BASS LAKE HEIGHTS MUTUAL WATER COMPANY,102999
BASS LAKE WATER COMPANY,103000
BASS LAKE SERVICE AREA - 2,103002
BATTLE MOUNTAIN WATER & SEWER,103004
BAYSHORE SANI DIST,103113
BEAR VALLEY CSD,103120
BEAR VALLEY WATER DISTRICT,103126
BEATTY WATER & SANITATION DISTRICT,103139
BEDEL MUTUAL WATER COMPANY,103145
BEEHIVE BROADBAND,103152
BELLA VISTA WATER DISTRICT,103271
BELMONT MANOR CSA#14,103429
BELRIDGE WATER STORAGE DISTRICT,103456
BERRENDA MESA WATER,103587
BERRY PETROLEUM COMPANY,103601
BIG LAGOON COMMUNITY SERVICES DISTRICT,103612
BI-STATE PROPANE (HERITAGE PROPANE),103624
BI-STATE PROPANE,103629
BI-STATE PROPANE - PORTOLA,103635
BIG BEND WATER DISTRICT,103647
BIG ROCK COMMUNITY SERVICES DISTRICT,103648
BLACK RASCAL WATER COMPANY,103660
BLUE STAR GAS,103693
BLUE DIAMOND GROWERS,103700
BLUE DIAMOND WATER SYSTEM,103704
BLUE LAKE RANCHERIA DEP OF ENERGY & TECH,103705
BLUE LAKE SPRINGS WATER,103707
BODEGA BAY PUBLIC UTILITIES DEPARTMENT,103721
BOLINAS COM PUBLIC UTILITIES DEPARTMENT,103733
BORON COMMUNITY SERVICES DISTRICT,103746
BRIGHT HOUSE NETWORKS,103891
BRIGHT HOUSE NETWORKS,103964
BROADVIEW TERRACE MUTUAL WATER COMPANY,104033
BROADWAY PLAZA MACERICH,104048
BROWNS VALLEY IRRIGATION DISTRICT,104062
BUCKEYE TERMNALS LLC,104068
BUCKINGHAM PARK WATER DISTRICT,104075
BUENA VISTA ENERGY,104081
"BULLDOG GAS & POWER, LLC",104088
BUNKERVILLE IRRIGATION COMPANY,104101
BURNEY WATER DISTRICT,104115
BUTTE CREEK UTILITIES LLC,104128
BUTTE COUNTY OFFICE OF EDUCATION,104135
BUTTONWILLOW COUNTY WATER DISTRICT,104142
BWMR&M ASSOCIATION,104168
BYRON BETHANY IRRIGATION DISTRICT,104220
BYRON SANITARY DISTRICT,104352
CADENCE DESIGN SYSTEMS,104709
CAE USA - INC,104724
CALAVERAS COUNTY ROAD DEPARTMENT,104827
CALAVERAS COUNTY WATER DISTRICT,104906
CALAVERAS PUBLIC UTILITY DISTRICT,104959
CALAVERAS TELEPHONE COMPANY,105012
CALGREN DAIRY FUELS LLC,105038
CAL NEV PIPE LINE - NORTH,105064
CALIFORNIA BROADBAND COOPERATIVE,105400
CALIFORNIA BROADBAND COOPERATIVE - NV,105568
CA DEPT PRK/REC - COL. ALLENSWORTH ST HI,105736
CALIFORNIA DEPARTMENT WATER RES BAKERFLD,105749
CALIFORNIA STATE UNIVERSITY - SACRAMENTO,105856
CALIFORNIA AMERICAN WATER,105908
CALIFORNIA AMERICAN WATER SACRAMENTO 2,105945
CALIFORNIA COLLEGE OF THE ARTS,105954
CALIFORNIA DEPARTMENT TOXIC SUBS CTRL,105958
CALIFORNIA PINES COMM SVC DIST,105963
CALIFORNIA RESOURCES,105964
CALIFORNIA RES CORP,105965
"CALIF RESOURCES ELK HILLS, LLC",105966
CALIF. RES. PRODUCTION CORP. -  SAC VLY,105968
CALIFORNIA STATE UNIVERSITY MONTEREY BAY,105977
CALIF WTR SVC-ATHERTON,105982
CALIF WTR SVC-BAKERSFLD,105986
CALIF WTR SVC-CHICO,105990
CALIF WTR SVC DIXON,105992
CAL WTR LAKE ISABELLA,105995
CALIF WTR SVC-LIVERMORE,105998
CALIF WTR SVC-LOS ALTOS,106000
CALIF WTR SVC-MSV,106002
CALIF WTR SVC-OROVILLE,106004
CALIFORNIA WATER SERVICE CO - REDWOOD VA,106005
CALIF WTR SVC-KING CITY,106006
CALIF WTR SVC-SAN MATEO,106008
CALIF WTR SVC SELMA,106010
CALIF WTR SVC-STOCKTON,106022
CALIF WTR SVC-VISALIA,106024
CALIF WTR SVC WILLOWS,106028
CAL WTR QUARTZ HILL,106127
CALNEV P/L SN BRNDINO,106225
CALNEVA BROADBAND 2,106231
CALNEVA BROADBAND (NV),106234
CALIFORNIA-OREGON TELEPHONE CO.,106238
CALLAYOMI CO WTR DIST,106251
CALPELLA CO WTR DIST,106277
CALPINE CONST FINANCE CO L.P.-SUTTER ENE,106278
CALPINE-GEYSERS POWER CO,106279
CALPINE KING CITY COGENERATION,106304
CAMBRIA COM SVC DIST,106330
CAMP MEEKER R & P WTR,106343
CAMPORA PROPANE SVC,106356
CANADA WOODS WTR CO,106370
CANTUA CREEK CSA#32,106383
CANYON GEN IMP DIST,106396
CAPITOL OIL CORP,106436
CAREFREE MHP,106462
CARMEL AREA WASTEWTR,106488
CARMEL RIVIERA MUT WT,106514
CARMICHAEL WATER DIST,106541
CARSON CITY TRANSPORTATION,106752
CARUTHERS CSD,106804
CASA LOMA WTR CO INC,106857
CASPAR SOUTH SERVICES COMPANY,106870
CASTELLA CSA#3 WTR,106883
CASTLE AIRPORT AVIATION AND DEV. CENTER,106886
CASTLE ROCK COUNTY WATER DISTRICT,106891
CASTRO VALLEY SANITARY DISTRICT,106897
CASTROVILLE CSD,106936
CAWELO WTR DIST,106963
CAYUCOS BEACH MUTUAL WATER COMPANY,106989
CAYUCOS SANITARY DIST,107016
C C COMMUNICATIONS,107030
CEBRIDGE CONNECTIONS,107050
CEDAR FLAT IMP ASSN,107059
CENTERVILLE CSD,107069
CENTRACOM INTERACTIVE,107095
CENTRACOM INTERACTIVE 2,107108
CENTRAL COAST WATER,107122
CENTRAL SANITARY,107174
CENTRAL MARIN SANI,107260
CENTURYLINK,107281
"CENTRAL VALLEY GAS STORAGE, LLC",107287
CENTRAL WATER DIST,107289
CENTURY TEL OF THE GEM STATE-NEVADA,107544
CEPHEID,107608
"CH2M HILL CONSTRUCTORS, INC.",107672
CHARTER COMM2,107800
CHARTER COMM-CRES CTY,107811
CHARTER COMMUNICATIONS 2,107812
CHARTER COMM SLO,107814
CHARTER COMMUNICATIONS - ROSAMOND,107824
CHARTER COMM - TULARE,107834
CHARTER COMM - TURLOCK,107860
CHESTER PUD,108018
CHEVRON CYMRIC,108044
CHEVRON ENVIRONMENTAL MANAGEMENT COMPANY,108070
CHEVRON MIDWAY SUNSET,108096
"CHEVRON NORTH AMERICA, EXPLORATION & PRO",108123
CHEV NOR AMER & PRO COALINGA,108149
CHEVRON PIPE-L SAN JOAQUIN,108176
CHEVRON  COALINGA,108229
CHILDREN HOSPITAL CEN CA,108281
CHOWCHILLA WATER DIST,108334
CHRISTIAN VALLEY PARK CSD,108360
"CHUK CHANSI, SA-14",108379
CIRCLE OAKS CO WTR DIS,108546
CITRUS HEIGHTS WTR DIST,108828
CITY SAN FRANCISCO PW,109284
CITY SFO HEAT/PWR/LIGHT,109442
CITY SAN FRANCISCO WTR,109495
CITY SAN FRAN PRKG & TRF,109600
CITY ALAMEDA,109706
CITY OF ALBANY,109917
CITY OF ALTURAS,109944
CITY AMERICAN CANYON,109970
CITY ANDERSON,110023
CITY ANGELS CAMP,110128
CITY ANTIOCH,110339
CITY ARCATA,110550
CITY ARROYO GRANDE,110761
CITY OF ARVIN,110814
CITY OF ATASCADERO STREET & STORM DRN,110866
CITY ATWATER,110972
CITY AUBURN,111078
CITY AVENAL,111183
CITY BAKERSFIELD,111289
CITY BELMONT,111394
CITY BELVEDERE,111499
CITY BENICIA,111605
CITY BERKELEY,111816
CITY BIGGS,111869
CITY BLUE LAKE,111922
CITY BOULDER CITY,111974
CITY BRENTWOOD ENG,112027
CITY BRISBANE,112239
CITY BURLINGAME,112449
CITY CALIENTE,112475
CITY CALIFORNIA CITY,112502
CITY CAMPBELL,112514
CITY CARLIN,112528
CITY CALISTOGA,112555
CITY CARMEL BYTHE SEA,112607
CITY CERES,112660
CITY CHOWCHILLA,112713
CITY OF CITRUS HEIGHTS-GENERAL SERVICES,112739
CITY CLAYTON,112766
CITY CLOVERDALE,112872
CITY CLOVIS,113083
CITY COALINGA,113188
THE CITY OF COLFAX,113214
CITY COLUSA,113241
CITY CONCORD,113293
CITY CORCORAN,113505
CITY CORNING,113715
CITY COTATI,113926
CITY CRESCENT CITY,114137
CITY CUPERTINO,114348
CITY DALY CITY,114559
CITY DANVILLE,114770
CITY DAVIS WTR SWR STORM,114981
CITY DELANO,115087
CITY DINUBA,115101
CITY OF DIXON,115104
CITY DOS PALOS,115108
CITY DUBLIN,115114
CITY DUNSMUIR,115117
CITY EAST PALO ALTO,115118
CITY EL CERRITO ENG,115120
CITY OF ELK GROVE,115122
CITY ELKO 2 - STREET DEPT,115123
CITY OF ELY PUBLIC WORKS DEPARTMENT,115125
CITY EMERYVILLE ENGR,115127
CITY ESCALON,115133
CITY EUREKA,115140
CITY EXETER,115166
CITY FAIRFIELD,115192
CITY FALLON,115297
CITY FARMERSVILLE,115403
CITY FERNDALE,115508
CITY OF FERNLEY,115534
CITY FIREBAUGH,115560
CITY FOLSOM,115614
CITY FORT BRAGG,115719
CITY FORTUNA,115825
CITY FOSTER CITY,116036
CITY FOWLER,116141
CITY FREMONT,116247
CITY FRESNO,116458
CITY GALT,116520
GILL RANCH STORAGE LLC,116567
CITY GILROY PW,116583
CITY OF GONZALES,116626
CITY GRASS VALLEY,116669
CITY OF GREENFIELD,116774
CITY GRIDLEY,116880
CITY GROVER BEACH,117091
CITY GUSTINE,117196
CITY HAYWARD,117302
CITY HEALDSBURG,117513
CITY HENDERSON,117724
CITY HERCULES,117935
CITY OF HOLLISTER - UTILITY DIVISION,117962
CITY HUGHSON PW,117988
CITY IONE,118015
CITY OF ISLETON,118029
CITY JACKSON SEWER,118042
CITY KERMAN,118068
CITY KING CITY,118081
CITY KINGSBURG,118094
CITY LAKEPORT,118226
CITY LARKSPUR,118292
CITY LAS VEGAS,118357
CITY LATHROP PWD,118462
CITY LEMOORE,118568
CITY LINCOLN,118680
CITY LINDSAY,118779
CITY LIVE OAK,118990
CITY LIVERMORE ENG DEPT,119201
CITY LIVINGSTON,119412
CITY LODI,119623
CITY LOS ALTOS,119729
CITY LOS BANOS,119781
CITY OF LOVELOCK,119795
CITY OF LOYALTON,119808
CITY MADERA,119834
CITY MANTECA,119939
CITY MARINA,120045
CITY MARTINEZ,120256
CITY MARYSVILLE,120362
CITY MCFARLAND ENG,120415
CITY OF MENDOTA,120442
CITY MENLO PARK,120468
CITY MERCED,120678
CITY OF MESQUITE,120783
CITY MILL VALLEY,120889
CITY MILLBRAE,121100
CITY MILPITAS,121311
CITY MODESTO,121522
CITY MONTAGUE,121575
CITY MONTEREY,121628
CITY MORGAN HILL,121734
CITY MORRO BAY,121944
CITY MOUNTAIN VIEW,122050
CITY MOUNT SHASTA,122103
CITY NAPA,122129
CITY NEVADA CITY,122142
CITY NEWARK,122155
CITY NEWMAN,122208
CITY NORTH LAS VEGAS,122261
CITY NOVATO,122366
CITY OAKDALE,122577
CITY OAKLAND CONST DEPT,122788
CITY OF OAKLEY,122814
CITY OF ORANGE COVE,122841
CITY OF ORINDA,122894
CITY ORLAND,122999
CITY OROVILLE,123105
CITY PACIFICA ENG/WTR,123158
CITY PACIFIC GROVE,123211
CITY PALO ALTO,123421
CITY PARLIER,123527
CITY PASO ROBLES,123632
CITY PATTERSON,123843
CITY PETALUMA,123950
CITY PIEDMONT,124054
CITY PINOLE PWD,124265
CITY PISMO BEACH,124476
CITY PITTSBURG,124687
CITY PLACERVILLE,124794
CITY PLEASANT HILL PW,124898
CITY PLEASANTON,125109
CITY OF PLYMOUTH,125162
CITY POINT ARENA,125215
CITY PORTERVILLE,125320
CITY OF PORTOLA,125426
CITY OF RANCHO CORDOVA,125478
CITY RED BLUFF,125531
CITY REDDING ELEC DEPT,125742
CITY REDWOOD CITY,125953
CITY REEDLEY,126164
CITY RENO,126269
CITY RICHMOND,126375
CITY RIDGECREST,126586
CITY RIO DELL,126701
CITY RIO VISTA,126749
CITY OF RIPON,126773
CITY OF RIVERBANK,126786
CITY ROCKLIN LANDSCAPE,126797
CITY ROHNERT PARK,127008
CTY ROSEVILLE RECYCLED WTR,127219
CITY SACRAMENTO DEPT/O TRANS TRF SIG&ST,127430
CITY SALINAS,127641
CITY SAN BRUNO,127694
CITY OF SAN CARLOS,127720
CITY SAN JOSE,127747
CITY SAN JUAN BAUTISTA,127799
CITY SAN LEANDRO,127852
CITY SAN LUIS OBISPO,128063
CITY SAN MATEO,128274
CITY OF SAN PABLO,128300
CITY SAN RAFAEL&SRSD,128327
CITY SAN RAMON,128380
CITY SANGER PW,128432
CITY SANTA CLARA,128485
CITY SANTA CRUZ TRF MAIN,128697
CITY SANTA ROSA RECLAIM,128907
CITY SAUSALITO,129012
CITY SCOTTS VALLEY,129118
CITY SEASIDE,129330
CITY SEBASTOPOL,129540
CITY SELMA,129751
CITY OF SHAFTER,129804
CITY SHASTA LAKE,129857
CITY OF SOLEDAD,129910
CITY S. SAN FRANCISCO,129963
CITY SONOMA PWD,130174
CITY SONORA,130200
CITY SOUTH LAKE TAHOE,130226
CITY SPARKS,130279
CITY STOCKTON WATER,130384
CITY SAINT HELENA,130489
CITY OF SUISUN CITY,130542
CITY SUNNYVALE,130595
CITY SUSANVILLE,130701
CITY TAFT WWTP,130806
CITY TEHACHAPI,130911
CITY TEHAMA,131017
CITY TRACY PW DEPT,131070
CITY TRINIDAD,131097
CITY TULARE,131123
CITY TURLOCK,131228
CITY UKIAH,131439
CITY UNION CITY,131650
CITY VACAVILLE,131861
CITY VALLEJO,132072
CITY VISALIA,132178
CITY WALNUT CREEK,132283
CITY WASCO,132390
CITY WATERFORD,132443
CITY WATSONVILLE,132494
CITY WEED,132507
CITY WELLS,132520
CITY WEST WENDOVER,132547
CITY WHEATLAND,132574
CITY WILLIAMS,132600
CITY WILLITS,132705
CITY WILLOWS,132720
CITY WINNEMUCCA,132736
CITY WINTERS,132768
CITY WOODLAKE,132811
CITY WOODLAND,132916
CITY YERINGTON,132969
CITY YREKA,133022
CITY YUBA CITY,133127
CLARK COUNTY DEPARTMENT OF PUBLIC WORKS,133255
CLARK CO WTR REC DIST,133384
CLEAR CREEK COM SVC,133391
CLEAR CREEK CSD LASSEN COUNTY,133417
CLEARLAKE OAKS CO WTR,133444
COARSEGOLD SOUTH MD-63,133577
COASTSIDE CO WTR DIST,133760
COBB AREA CO WTR DIST,133812
LOCH LOMOND MUTUAL WTR,133813
COLORADO INTERSTATE GAS - CA,133923
COLORADO INTERSTATE GAS COMPANY (EL PASO,133930
COLORADO RIVER COMMISSION OF NEVADA,133944
COLUSA CO WTR,133971
COLUSA PROPERTIES INC,133996
COMCAST BRENTWOOD,134021
COMMUNITY MEDICAL CENTERS,134426
CONCORDIA RESOURCES INC,134480
CONSOLIDATED COMM,134721
CONSOLIDATED COMM 2,134739
COSUMNES CSD,134758
CONTERRA BROADBAND SVC,134798
CONTRA COSTA COUNTY M-28,134843
CONTRA COSTA WATER,135448
CORESITE REALTY CORP,135552
CORNING WATER DIST,135659
COSTCO WHOLESALE,135712
COTTONWOOD CSA#17 SANI,135764
COTTONWOOD WATER DIST,135790
COVELO COMMUNITY SERVICES DISTRICT,135810
CVIN LLC,135830
COULTERVILLE WATER DISTRICT,135850
COUNTY ALAMEDA,135870
CHURCHILL COUNTY,135975
COUNTY CONTRA COSTA 2,136081
COUNTY DEL NORTE,136187
COUNTY DOUGLAS UTILITY DIVISION,136240
COUNTY LAKE,136319
LANDER CO RD & BRIDGE,136333
CO NEVADA SANI DIST#1,136346
COUNTY PLACER PW N. SHORE TAHOE,136398
COUNTY SACRAMENTO - ADMINISTRATION,136503
COUNTY SAN JOAQUIN,136609
COUNTY SAN LUIS OBISPO 1,136714
CO OF SAN LUIS OBISPO TELCOM,136819
COUNTY SAN MATEO,136925
COUNTY SANTA CLARA 2,137136
CO SANTA CRUZ TRF SIG,137347
CO SONOMA TRAFFIC SIGNAL,137559
COUNTY STANISLAUS,137769
COUNTY WASHOE,137874
COUNTY YOLO,137980
CO SVC AREA23-CRAGVIEW,138033
CO OF YOLO COMM,138191
COUNTY OF FRESNO INTERNAL SERVICES DEPT,138481
COX COMM LAS VEGAS,138772
CPN PIPELINE CO.,138799
"CREED ENERGY CENTER, LLC",138800
"CRIMSON PIPELINE, LP",138802
CRIMSON RESOURCE MANAGEMENT,138805
CRESTWOOD WEST COAST LLC,138808
CROCKETT COGENERATION,138812
CROCKETT SANITARY DEPT. (OF CROCKETT CSD,138910
CROSS PT COM CHURCH,138962
CROWN CASTLE (CA),138988
CROWN CASTLE (NV),139001
CROWS LANDING CSD,139015
CRUZIO MEDIA INC.,139018
CUESTA LAHONDA GLD WTR,139022
CUMORAH KNOLLS CSA#10,139029
CUPERTINO SANIT DIST,139036
CUTLER P U D,139141
D.E.O.,139196
DELANO-EARLIMART IRR,139352
DEL ORO WATER CO. INC FERNDALE DIST,139405
DEL ORO WATER CO. - MAGALIA,139408
DEL PASO MANOR WTR,140090
DEL REY COM SVC DIST,140196
DELHI CO WTR,140302
DELTA DENTAL PLAN OF CALIFORNIA,140407
DELTA DIABLO SANIT,140512
"DELTA ENERGY CENTER, LLC",140564
DELTA LIQUID ENERGY,140591
DENAIR COM SVC DIST,140618
DERWA,140626
DESERT LAKE CSD,140630
"DESERT UTILITIES, INC",140634
DIABLO WATER DISTRICT,140649
DICK BROWNS - BORAX,140650
DICK BROWN TECHNICAL SERVICE,140653
"DILLON ESTATES, MD-60",140657
DIGITAL TRANSPORT CORPORATION,140666
"DIGITAL WEST NETWORKS, INC.",140674
DUDLEY RIDGE WTR DIST,140680
DON PEDRO SEWER DISTRICT,140706
DONNER SUMMIT PUD,140733
DOS PALOS AREA JT PWR,140750
DOUGLAS CO SEWER DIST,140829
DOW CHEM,140934
DUKE ENERGY RENEWABLES,141040
DUCOR TELEPHONE CO.,141144
DUBLIN-S/RAMON SVCS DIST,141145
DUNNIGAN WTR DIST,141567
DURHAM IRR DIST,141620
E & B NATURAL RESOURCES,141650
EARLIMART P U D,141673
E.BAY DISCHARGE AUTH.,141726
EAST BAY WATER BIXLER,141778
EAST BAY MUNICIPAL UTILITY DISTRICT - WA,141788
E.CONTRA COSTA IRRIGA,141989
E. NILES COM SVC DIST,142096
E.PALO ALTO SANI DIST,142200
EAST QUINCY SVCS DIST,142305
EASTERN SIERRA PROPANE,142311
"EASTIN ARCOLA, MD-36",142318
EASTLAND HEIGHTS WATER ASSOCIATION,142338
EASTSIDE WATER ASSOC,142358
EDGEWOOD WATER COMPANY,142385
"AHTNA ENVIRONMENTAL, INC.",142404
CITY WEST SACRAMENTO,142411
EL DORADO HILLS COMMUNITY SERVICES DIST,142464
EL CAMINO IRR DIST,142517
EL DORADO IRRIG,142622
EL PASO NATURAL GAS,142675
EL PORVENIR CSA#30,142728
ELECTRIC LIGHTWAVE,142807
ELK GROVE WTR SERVICE,142828
ELK POINT COUNTRY CLUB,142857
COUNTY ELKO,142886
ELKO HEAT COMPANY,142912
"EMPIRE MINING CO, LLC",142924
ENERGY OPS MNGMNT/CGG,142932
ENERGY OPS MNGMNT\DGG,142933
ENEGRY OPS MNGMNT/SVP,142934
ENERGY OPS MNGMNT/YPC,142935
ENVIROGEN TECHNOLOGIES,142953
EQUESTRIAN ESTATES HOMEOWNERS ASSOCIATIO,142970
ERSKINE CREEK WTR CO.,142991
ESCAPE BROADBAND,142994
ESMERALDA COUNTY PUBLIC WORKS,142997
ESPARTO CSD,143004
COUNTY EUREKA,143017
EUREKA COUNTY SCHOOL DISTRICT,143083
EXETER IRRIG DIST,143149
"EXTENET SYSTEMS, INC CA",143228
"EXTENET SYSTEMS, INC - NV",143307
EXXON MOBILE PIPELINE CO 2,143518
FAIR OAKS WTR DIST,143677
"FAIRFAX CENTER PROPERTIES, LLC",143690
FAIRFIELD-SUISUN SWR,143703
"FAIRMEAD, MD-33",143717
"FAIRVIEW WATER COMPANY, LLC",143783
FALCON CTV RED BLUFF,143843
FALL RIVER MILLS COM,143888
FARMERS & MERCHANTS BANK,143915
FERRELLGAS (ELK GROVE CA),143929
FERRELLGAS LAKE CO,143944
FERRELLGAS MENDOCINO CO,143959
FERRELLGAS NEVADA COUNTY,143966
FIBERSPHERE COMMUNICATIONS OF CA LLC,143972
FIERO LANE WATER COMPANY,143976
FILER MUTUAL TEL,143980
FIRST MACE MEADOW WATER ASSOC. INC.,143987
FITCH MTN WTR DIST,143994
FLORIN COUNTY WTR,144099
FMC FRESNO,144357
FOLSOM LAKE MUTUAL WATER COMPANY,144358
FOOTHILL ENERGY LLC.,144360
FOOTHILL ENERGY LLC - COLUSA,144361
FORESTHILL PUD,144363
FOREST LAKES MUT WTR,144389
FORESTVILLE WATER DIST,144443
FORT BRAGG TROUT FARM,144468
FPL ENERGY MONTEZUMA WIND LLC,144522
FRANKLIN COUNTY WATER DISTRICT,144574
FRAZIER PARK PUD,144627
FREEDOM TELECOMMUNICATIONS LLC DBA WILCO,144643
FREESTONE WATER SYS,144654
FRENCH GULCH CSA#11 WTR,144680
FRESNO COUNTY CSA #10-A - MANSIONETTE ES,144786
FRESNO CO CSA#34A-BRIGHTON CREST,144812
FRESNO CO CSA 34B-VENTANA HILLS,144818
FRESNO CO CSA 34C-GRANITE CREST,144821
FRESNO CO CSA 39AB-BERAN,144825
FRESNO CO CSA 43-RAISIN,144832
FRESNO CO CSA#44A-FRIANT MHP,144835
FRESNO COUNTY CSA #44-C - TANQUERAY DEVE,144839
FRESNO COUNTY CSA#44-D - MONTE VERDI,144864
FRESNO COUNTY CSA #47 - QUAIL LAKE,144877
FRESNO CO CSA#49-ONEILL,144880
FRESNO COUNTY WATERWORKS DISTRICT #18,144883
FRIED PRIV WTR L,144890
FRONTIER COMM-COLUSA,144894
FRONTIER COMM. ALPINE,144898
FRONTIER - A CITIZENS COMM CO - (CA 2),144899
FRONTIER NEVADA (A CITIZENS COMM. CO.),144900
FRONTIER (PATTERSON),144930
FRUITRIDGE VISTA WTR,144943
FULTON WATER CO.,145003
G-REM INC.,145157
GARBERVILLE SANI DIST,145312
GARDEN FARMS COM WTR,145331
GARDNERVILLE RANCHOS GENERAL IMPROVEMENT,145334
GARDNERVILLE WATER CO.,145345
GAS PIPELINE SERVICES INC.,145348
GASQUET COMMUNITY SERVICES DISTRICT,145352
"GBIS COMMUNICATIONS,LLC",145542
GE HITACHI NUCLEAR ENERGY LLC,145637
GEORGETOWN DIVIDE PUD,145786
GERBER LAS FLORES CSD,145814
GERLACH GENERAL IMPROVEMENT DISTRICT,145992
GILROY ENERGY CENTER LLC,146170
GILROY ENERGY CENTER LLC FEATHER RIVER,146259
"GILROY ENERGY CENTER,LLC FOR LAMBIE ENER",146281
"GILROY ENERGY CENTER,LLC FOR WOLFSKILL E",146303
GILROY ENERGY CENTER LLC YUBA CITY ENERG,146348
GLENBROOK WATER COOPERATIVE,146437
GLIDE WATER DISTRICT,146526
"GOLCONDA WATER, GID",146574
GOLD COUNTRY WATER,146579
GOLD MOUNTAIN CSD,146606
GOLDEN GATE BRIDGE,146631
"GOLDEN HILLS NORTH WIND, LLC",146644
GOLDEN HILLS CSD,146658
GOLDEN HILLS WIND LLC,146659
GOLDEN STATE UTILITY CO.,146660
GOLDEN STATE WATER COMPANY,146661
GOLDEN STATE WATER CO - CCC,146663
GOLDEN STATE WATER COMPANY,146664
"GOLDSIDE, MD-27",146665
GOLDEN STATE WATER CO. 2,146676
GOOGLE,146688
"GOOGLE FIBER CA, LLC",146693
"GOOSE HAVEN ENERGY CENTER, LLC",146699
GOSHEN COMMUNITY SERVICES DISTRICT,146705
GRADUATE THEOLOGICAL UNION,146708
GRANADA SANITARY DIST,146711
GRAND VIEW TERRACE GID,146715
GRAVELY FORD WTR DIST,146724
GREAT OAKS WATER CO.,146730
GREEN RIVER MUTUAL WATER CO.,146732
"GREENFIELD COMMUNICATIONS, INC.",146734
GREENFIELD CO WTR DIST,146737
GREEN HORN CREEK CSD,146743
GREKA,146746
GRIMMWAY ENTERPRISES,146750
GRIZZLY FLATS CSD,146756
GRIZZLY LAKE CSD,146759
GROVELAND COMMUNITY SERVICES DIST,146770
GUALALA COM SVC DIST,146777
QUAIL VALLEY WTR DIST,146778
HACIENDA OWNERS ASSC.,146780
HAMILTON BRANCH C.S.D.,146786
HAMILTON BRANCH MUTUAL WATER CO.,146787
HAMILTON CITY CSD,146788
HAPPYCAMP COM SVC DIST,146789
HAPPY CAMP SANITARY DISTRICT,147237
HAPPY VALLEY TELEPHONE,147686
HARBOR VIEW MUTUAL WATER CO,147765
HARNEY ELECTRIC COOP,147844
HAWTHORNE UTILITIES,147870
"HEART OF SAN MATEO, LLC",147898
HEIGHTS MUTUAL WATER,147924
HENRIK NIELSEN-LANDOWNR,147937
HERITAGE RANCH CSD,147976
HERLONG PUBLIC UTILITY DISTRICT,148042
HETCH HETCHY WATER & POWER,148075
"HIDDEN LAKES, MD-1",148191
HIDDEN VLY LAKE CSD,148200
HIGH WINDS LLC.,148207
HIGHLANDS WATER CO.,148214
HILLCREST MANOR WATER USERS ASSOCIATION,148227
HILLS VALLEY IRR DIST,148241
HILLVIEW WATER CO.,148254
HILMAR COUNTY WATER DIST,148261
HILTON CREEK CSD,148277
HOMESTEAD VALLEY SANI DIST,148294
"HONEYWELL, INC.",148321
HOOPA VALLEY PUBLIC UTILITIES DISTRICT,148347
HOPLAND PUB UTIL DIST,148372
HORIZON CABLE TV,148398
HORNITOS TELEPHONE,148425
HOWELL MOUNTAIN MW CO,148478
HUMBOLDT BAY MUNI WTR,148531
HUMBOLDT COM SVC DIST,148636
HUMBOLDT CO RURAL MCDERM,148644
HUMBOLDT STATE UNIVERSITY,148648
HUMBOLDT TELEPHONE COMPANY,148652
HUNTER COMM INC,148685
HYDESVILLE CO WTR DIST,148719
INCLINE VIL GEN IMPR,148741
INDIAN HILLS GENERAL IMPROVEMENT DISTRIC,148794
"INDIAN LAKES, SA-1",148847
INDIAN SPRINGS WATER COMPANY,148873
INDIAN VALLEY COMMUNITY SERVICE DISTRICT,148900
INDIAN WELLS WTR,148952
"INNEX CALIFORNIA, INC",148964
"INTEGRA TELECOM, INC. - CA",148973
INVERNESS PUD,148979
INYOKERN COMMUNITY SERVICES DISTRICT,148986
IRISH HILLS MUTUAL WATER COMPANY,148989
IRONHOUSE SANI DIST,148992
IRON MOUNTAIN MUTUAL WATER CO.,148996
ISLAND ENERGY GAS,148999
IVANHOE P U D,149005
"JP OIL COMPANY, LLC",149013
JACK PINE ROAD MUTUAL WATER COMPANY,149018
JACKSON VALLEY IRRIGATION DISTRICT,149022
JAMESTOWN SANITARY DISTRICT,149026
JENNER CO SVC AREA,149033
"JOE SIMOES & SONS DAIRY, INC",149123
JONES VALLEY CSA#6 WTR,149348
JS WEST PROPANE-COLFAX,149350
J. S. WEST PROPANE 2,149351
J S WEST PROPANE,149355
J.S.WEST,149361
JUNE LAKE PUD,149374
KAISER FNDA HEALTH,149400
KAMPS PROPANE #10,149420
KANAWHA WATER DIST,149427
KARUK TRIBE,149433
KERMAN TEL DBA SEBASTIAN,149503
KERN CO WTR AGENCY 2,149553
KERN OIL & REFINING,149585
KERN RIVER GAS TRANS,149690
KERN-TULARE WATER DIST,149742
KESWICK CSA #25 WTR,150060
KETTLEMAN CITY CSD,150087
KEYS COM SVC DIST,150113
KINDER MORGAN BRADSHAW EAST,150140
KINDER MORGAN / SFPP,150153
KINGSBURY GENIMP DIST,150166
KINGSTON TOWN WATER UTILITY,150515
KIRKWOOD MEADOWS PUD,150865
KIRKWOOD MOUNTAIN RESORT L.L.C.,150911
KONOCTI CO WTR DIST,150957
KRISTA MUTUAL WATER CO.,151089
KTVU TELEVISION,151221
"LA VINA, MD-37",151227
LACC MUTUAL WATER CO.,151233
LAKE ALPINE WATER CO.,151247
LAKE BERRYESSA IMPDIST,151260
LAKE DON PEDRO SVCS,151273
"LAKE OF THE PINES ASSOCIATION, INC",151280
LAKE OF THE WOODS WTR,151287
LAKE OROVILLE AREAPUD,151293
LAKESIDE PARK ASSOC.,151297
LAKEVIEW HILLS COM WATER,151300
LAKE SHASTINA CSD,151326
"LAKE SHORE, MD-6",151356
LAKE SISKIYOU MUT WTR,151359
LAMONT PUB UTIL DIST,151366
LANDER COUNTY SEWER & WATER GENERAL IMPR,151369
LAS GALLINAS VLY S D,151379
LAS VEGAS VLY WTR,151484
LASSEN MUNI UTIL DIST,151510
LASSEN PLUMAS GAS SVC,151517
LATHROP IRRIG DISTRICT,151520
LATON COM SVC DIST,151523
LAW LIV LAB SITE 300,151525
LAWRENCE LIVERMORE,151526
LAYTONVILLE CO WTR DIST,151529
LE GRAND COM SVC DIST,151530
LEBEC CO. WATER DISTRICT,151531
LEVEL 3 COMM - CALIF,151532
LEVEL 3 COMMUNICATIONS,151533
LEWISTON CSD,151536
LEWIS CREEK WATER DIST.,151538
"LEMOORE APARTMENTS, LLC",151543
LEPRINO FOODS COMPANY,151546
LIBERTY UTIL CALPECO ELEC,151549
LINCOLN COUNTY POWER DISTRICT NO. 1,151557
LINCOLN CO TELEPHONE,151564
LINDA COUNTY WTR DIST,151591
LINDE LLC,151617
LINDEN CO WTR DIST,151643
LINDMORE IRR DIST,151669
LINDSAY-STRATMORE IRR,151695
LIT SAN LEANDRO LLC,151800
LAVWMA,151906
LOCKEFORD COM SVC DIST,152011
LOCUS TECHNOLOGIES - RAYTHEON,152024
"LODI GAS STORAGE, LLC",152038
LODI MEMORIAL HOSPITAL,152064
LOGAN CREEK ESTATES GENERAL IMPROVEMENT,152077
LOLETA CSD,152096
"LONGBOW, LLC",152237
LOS ANGELES DEPARTMENT OF WATER AND POWE,152256
LOS OSOS CSD,152276
LOST HILLS WTR DIST,152328
LOST HILLS UTIL DIST,152354
LOVELOCK MEADOWS WD,152361
LOWER LAKE CO. WTR #1,152364
LUKINS BROTHERS WTR CO.,152367
LOWER TULE RIVER IRRIGATION DISTRICT,152368
LYON COUNTY UTILITY,152374
MACPHERSON OIL COMPANY,152379
MALAGA COUNTY WTR DIST,152381
MANILA COM SVCS DIST,152394
MC CLOUD COMMUNITY SERVICES DISTRICT,152414
MCKESSON CORPORATION,152420
MCKINLEYVILLE C S D,152434
MCKINNEY WATER DISTRICT,152487
MCI WORLDCOM,152539
MCI WORLDCOM NEVADA,152565
MADERA CHOWCHILLA WTR,152579
MADERA IRR DIST,152592
MADERA WATER DISTRICT,152598
"MADERA RANCHOS, MD-10",152605
MADERA VALLEY WTR CO.,152612
MAMMOTH CO WATER DIST,152645
"MANZANA POWER SERVICES, INC.",152698
MARINA COAST WTR DIST,152857
"MARINA VIEW, MD-7",152909
MARIN MUNI WTR,152961
MARIPOSA PINES SEWER DISTRICT,152973
MARIPOSA PUBLIC UTILITY DISTRICT,152986
MARKLEEVILLE PUBLIC UTILITY DISTRICT,153018
MARKLEEVILLE WATER COMPANY,153025
MTZ REFINING/EQUILON,153032
MASSINI MUTUAL WATER,153034
MASTEC NORTH AMERICA,153044
MATRIX OIL CORPORATION,153055
MAURITSON-PROPERTY OWNER,153077
MAXWELL PUD,153120
MCCLELLAN BUSINESS PARK,153146
MCGILL-RUTH SEWER & WATER GID,153152
"MDY PROPERTIES, INC.",153162
MEADOW VISTA CO WTR,153172
MEDIACOM CALIFORNIA LLC,153289
MEDIACOM CLEARLAK OAK,153301
MEDIACOM CALIFORNIA - RIDGECREST,153330
MENTREN CORP,153383
MENDOCINO CO WTR WRKS,153396
MESA BUSINESS PARK,153398
MERCED IRRIGATION DISTRICT,153403
MIDAS WATER COOPERATIVE,153404
"MEYERS WATER COMPANY, INC",153405
MERCED IRR DIST ELEC,153406
"MIAMI CREEK, MD-43",153407
MIDWAY COM SVC DIST,153410
MID PENINSULA WATER DIST,153411
MIDWAY HEIGHT WTR DIST,153412
MIDWAY SUNSET CO-GEN,153413
MIL POTRERO MUTUAL WTR,153414
MID-SET COGENERATION CO.,153415
MILE HIGH WWD#37,153416
MILLSBRIDGE OFC PROJ,153420
MILLVIEW CO WTR DIST,153423
MINA/LUNING WATER SYS,153429
MINDEN-GARDNRVLLE SD,153459
MIRANDA COMMUNITY SERVICES DISTRICT,153466
MOAPA VLY TELEPHONE,153594
MOAPA VALLEY WTR DIST,153647
"MOBILITIE, LLC",153779
MODESTO&EMPIRE TRACT,153911
MODESTO IRRIG,154016
MOJAVE AIR & SPACE PORT,154068
MOJAVE PIPELINE,154121
MOJAVE PUB UTIL DIST,154227
MOKELUMNE HILL SANITARY DISTRICT,154281
MONTARA WATER AND SANITARY DIST,154347
MONTEREY BAY AQUARIUM,154360
MONTEREY COUNTY PW,154373
MONTEREY COUNTY WATER RESOURCES,154386
MONTEREY REGIONAL WTR,154491
MORGAN HILL UNIFIED SCHOOL DISTRICT,154508
"MOSBAUGH PROPERTIES, INC",154511
MORRO ROCK MUTUAL WTR,154514
MT HERMON ASSOCIATION,154515
MTN GATE COM SVC DIST,154516
MT MESA WATER CO.,154517
MT VIEW SANITARY DIST,154518
"MOUNTAIN RANCHES, MD-5",154522
MT.CHARLESTON WATER,154525
"MT. WHEELER POWER, INC",154526
MT.KONOCTI MUTUAL WATER,154527
MUNI OVERHEAD LINES DEPT,154528
MURPHYS SANITARY DISTRICT,154530
NAPA BERRYESSA IMPDIST,154531
MUSICK MEADOWS MUTUAL WTR COMPANY #2 INC,154532
NAFTEX - DICK BROWNS,154534
MUDDY VALLEY IRRIGATION COMPANY,154538
NAFTEX OPERATING COMPANY,154539
NAPA SANITATION DIST.,154544
NAVY BRAC,154591
NCPA - DICK BROWN'S TECH,154611
NEVADA BELL,154650
NEVADA ENVIRONMENTAL RESPONSE TRUST,154705
NEVADA GEOTHERMAL,154755
NEVADA IRRIG DIST,154860
NEWMONT GOLD COMPANY,155149
VASCO WINDS LLC,155172
NEXTERA ENRG N.SKYRIVER,155173
NEXTERA ENRG RES SKY RVR.,155174
NEXTERA ENRG RES TEHACH.,155175
NICE MUTUAL WATER CO.,155176
NIPOMO COM SVC,155282
NORTH COAST CO WTR DIST,155704
N.DOS PALOS WTR DIST,155757
N.EDWARDS WATER DIST,155810
"NORTH FORK, MD-8",155837
NORTH GUALALA WTR CO.,155863
NORTH KAWEAH MUTUAL WATER COMPANY,155889
NORTH MARIN WTR DIST,155916
NORTH OF RIVER SANI#1,156127
N/O RIVER MUNI WATER,156337
NORTH YUBA WATER DISTRICT,156370
NORTHERN CALIFORNIA POWER AGENCY,156378
N.LAND CATV-MT.SHASTA,156403
N.LAND CTV OAKHURST,156416
NORTHLAND CATV,156430
NORTH SJOA WTR CON DIS,156495
NORTH TAHOE PUD,156548
NORTHSTAR CSD,156653
"NORTHWEST PETROLEUM, INC.",156706
NOVATO SANITARY DIST,156759
"NPG CABLE, INC",156779
NRG ENERGY - S.F.,156787
N V ENERGY - NV,156794
NV ENERGY  MOAPA,156796
NYE COUNTY PUBLIC WORKS SOUTH,156797
O'CONNOR TRACT CO-OPERATIVE WATER CO.,156799
"O.L.S. ENERGY-AGNEWS,INC.",156805
OACYS TECHNOLOGY,156835
OAKDALE IRR DIST,156865
"OAKHURST, MD-22",156918
OASIS PROPERTY OWNERS,157234
OCCIDENTAL CANAL CO.,157260
OCCIDENTAL CSD,157287
OCEANO COM SERVICES,157392
OFFICE OF TECHNOLOGY SERVICES,157497
OILDALE MUTUAL WTR,157603
OLAM TOMATO PROCESSORS,157616
OLD RIVER WATER COMPANY,157629
OLIN CORPORATION,157642
OLIVEHURST PUD,157656
ORANGE COVE IRR DIST,157709
ORANGE VALE WATER,157814
ORLAND-ARTOIS WTR DIS,157841
ORO LOMA SANITARY DIST,157854
OROSI P U D,157867
OVERTON POWER DIST#5,157946
PC LANDING CORP (PACIFIC CROSSING LIMITE,158011
PACIFIC POWER & LIGHT - CRESCENT CITY,158025
PACIFIC BELL,158236
PACIFC COAST PRODUCERS,158658
PG&E,158869
PACIFIC GROVE UNIFIED SCHOOL DISTRITCT,158974
PACIFIC POWER & LIGHT - ALTURAS,159080
PACIFIC POWER & LIGHT - YREKA,159291
PACIFIC UNION COLLEGE,159562
PAHRUMP UTILITY COMPANY,159592
PAIUTE PIPELINE CO.,159622
PAJARO/SUNNY MESA CSD,159628
PAJARO VALLEY WTR MANAGEMENT AGENCY,159631
PALMER CREEK CSD,159635
PALO ALTO PARK MUT WTR,159661
PALO CEDRO CSA#8 SANI,159688
PALOMINO LAKES MUTUAL WATER COMPANY,159697
PANACA FARMSTEAD ASSOCIATION,159701
PARADISE IRRIG DIST,159713
"PARKSDALE, SA-3",159740
PARR-RENO WATER CO.,159753
"PARKWOOD, MD-19",159766
PAXIO INC.,159818
PEBBLE BEACH CSD,159963
PATTERSON IRRIGATION DISTRICT,160009
PENNGROVE-KENWOOD WTR,160241
PERSHING COUNTY,160283
PETROGULF CORPORATION,160326
PHILLIPS 66 - COALINGA,160331
PHILIPS SEMICONDUCTOR,160333
PINECREST PERMITTEES ASSOCIATION,160374
PINEDALE COUNTY WATER DISTRICT,160415
PINE GROVE COMMUNITY SERVICES DIST,160496
PINNACLES TELEPHONE CO,160527
PINON PINES MUTUAL WATER COMPANY,160528
PINON VALLEY WTR CO,160530
PIOCHE PUBLIC UTILITIES,160534
PIONEER EXPLORATION LTD.,160542
PIXLEY PUBLIC UTILITY DISTRICT,160550
PLACER COUNTY WATER,160557
PLANADA COM SVC DIST,160584
PLAINS ALL AMERICAN,160597
PLEASANT VALLEY MHC,160690
PLUMAS BANK,160703
PLUMAS EUREKA COMMUNITY SVCS DIST,160716
PLUMAS-SIERRA RUR/ELE,160768
PLUMAS-SIERRA TELECOM CA,160794
PLUMAS-SIERRA TELECOM NV,160807
POINT TO POINT INC.,160821
PONDEROSA TELEPHONE,160979
POPLAR CSD,161085
PORT SAN LUIS HARBOR,161138
PORTER VISTA PUD,161190
PHILLIPS 66 CO. - SAC,161315
PRAXAIR INC. 2,161440
PREMIER COMMUNITY CREDIT UNION,161444
PROBERTA WTR DISTRICT,161582
PROCTOR & GAMBLE MFG,161612
PRO-FLAME GAS CO.,161665
"PROPANE OF WENDOVER, INC",161718
PROSPECTOR PIPELINE COMPANY,161744
"PURESOURCE WATER, INC",161770
PURISSIMA HILLS WATER,161823
QUANTA TELECOMMUNICATIONS NEVADA,161876
"QUARTZ MOUNTAIN, MD-73",161929
QUEST MEDIA & SUPPLIES,162033
QUINCY COM SVC DIST,162140
"QUORUM TECHNOLOGIES, INC",162153
QWEST COMM (CA),162167
QWEST COMM (NV),162168
R & R RESOURCES,162169
"RACE TELECOMMUNICATIONS, INC",162175
RAFT RIVER ELECTRIC,162178
RAINBOW CABLE,162180
RAINS CREEK WATER SYS,162187
RAINTREE FAIR OAKS LLC,162188
RANCHO COOPERATIVE WATER COMPANY,162190
RANCHO MURIETA CATV,162193
RANCHO MURIETA CSD,162245
RANCHO ROBLES MUTUAL WATER AND ROAD COMP,162271
RANCHO TEHAMA TEL,162298
"RANCHOS WEST, MD-95",162328
RAND COMMUNITIES WTR,162330
RECLAMATION DIST 1004,162340
RECLAMATION DIST #999,162351
REDFLEX TRAFFIC SYSTEMS,162378
REDWOOD VLY CO WTR,162456
RENO CASCADE MHP,162549
REPUBLIC SVC SONOMA CO,162582
"RESC,LLC",162598
RESORT IMPROVE DIST#1,162614
RICHARDSON BAY SANIT,162667
RIO ALTO WATER DISTRICT,162746
RIO LINDA/ELVERTA CWD,162826
RIO VIRGIN TELEPHONE,162930
"RIPPERDAN, MD-28",162944
RISING TREE WIND FARM LLC,162950
RIVER PINES PUD,162957
RIVERDALE PUB UTIL DIS,162983
RIVERSIDE ACRES ASSOCIATION,163009
RIVERSIDE COMMUNITY SERVICES DISTRICT,163035
RIVERLAKE COM ASSOC,163088
THOMPSON PROPERTY OWNERS,163155
RODEO SANITARY DIST,163167
ROGINA WATER CO.,163194
"ROLLING HILLS, SA-19",163247
ROSAMOND COM SVC DIST,163300
ROSEDALE RIO-BRAVO WATER STORAGE DIST,163463
ROSEVIEW HEIGHTS MUTUAL WATER COMPANY,163626
ROUND HILL G I D,163735
ROUND MOUNTAIN PUBLIC UTILITIES,163740
ROUND VALLEY INDIAN TRIBES,163743
ROYALE ENERGY INC.,163746
"RRM, INC.",163755
RURAL TELEPHONE COMPANY,163765
RUSSIAN RIVER CO WTR,163828
"RYZE RENEWABLES RENO, LLC",163869
S AND T MUTUAL WATER,163910
SF PUC WTR SUPPLY/TRTMNT,163968
S.N.M.E. GAS CO. INC.,163997
SACRAMENTO COUNTY OFFICE OF EDUCATION,164027
SACRAMENTO COUNTY WATER AGENCY,164085
SMUD GAS,164144
SACR REGIONAL TRANSIT,164250
SAC. SUBURBAN WTR DIST,164277
SADDLEBACK WATER ASSOCIATION,164287
SAGUARO POWER COMPANY,164297
SALIDA SANITARY DIST,164316
SALMON CREEK WTR DIST,164330
SALSIPUEDES SANI DIST,164343
SAN ANDREAS MUTUAL WTR,164409
SAN ANDREAS SANITARY DISTRICT,164461
SAN BENITO CO WTR,164566
SAN CARLOS TELECOM INC.,164579
SF BART DISTR REAL ESTATE DEPT,164582
SAN FRANCISCO MUSEUM OF MODERN ART,164585
SANITARY DIST#1 MARIN,164672
"SAN JOAQUIN FACILITIES MANAGEMENT, INC.",164725
SAN JOSE WATER CO. 2,164777
S.JOSE/S.CLARA REG W.WTR,164829
SAN JUAN SUBURBAN WTR,164988
SAN LEANDRO DARK FIBER,165041
SAN LORENZO VLY WTR D,165094
SAN LUCAS CO. WTR DIST,165121
SLO UNIFIED SCH DIST,165134
SAN LUIS WATER DISTRICT,165147
SAN MATEO CO TRANSIT,165199
SAN MIGUEL COMM. SERV. DIST,165226
SAN MIGUELITO WTR CO.,165252
SAN SIMEON C S D,165357
SANDRA TAVARES,165384
SANIT DIST#5 MARIN,165410
SANTA CLARA UNIFIED SCHOOL DISTRICT,165569
SANTA CLARA VALLEY WTR,165622
SANTA LUCIA COMMUNITY SERVICE DISTRICT,165675
SANTA NELLA COUNTY WATER DISTRICT,165736
SARATOGA HEIGHTS MUTUAL WATER CO.,165798
SATVIEW BROADBAND - ELKO,165806
SATVIEW BROADBAND LTD-NV,165813
SAUCELITO IRRIG DIST,165818
SAUSALITO-MARN CTY SD,165825
SCHLUMBERGER TECH CORP,165829
SCOTTS VLY WTR DIST,165832
SEA RANCH CONNECT,165840
SEARLES VALLEY MINERALS,165846
SEBASTIAN (FORESTHILL),165852
SELMA-KINGSBURG-FOWLER CO SANI DIST,165938
SEMITROPIC WATER DIST,166043
SENECA RESOURCES CORP,166096
"SENTINEL PEAK RESOURCES, LLC",166116
"SEQUOIA EXPLORATION, INC.",166136
SERENO DEL MAR WATER,166149
SEWER AGENCY SO MARIN,166254
OROVILLE SEWAGE COM,166465
SEWER AUTHORITY MID-C,166571
SHAFTER SOLAR LLC,166622
SHAFTER-WASCO IRR,166676
SHASTA COM SVC DIST,166782
SHAVER LAKE CSA#31-B,166992
SHAVER LAKE WWD#41,166993
SHAVER LAKE POINT 2,167006
SHAVER LAKE PROPANE,167019
SHAVER SPRINGS WWD#40,167046
SHELL AVIATION,167093
"SHELL PIPELINE CO, LP - BFD2",167141
SHILOH 1 WIND PROJECT LLC,167153
SHORE TERMINALS LLC,167159
SIERRA ESTATES GENERAL IMPROVEMENT DISTR,167192
"SIERRA HIGHLANDS, MD-58",167243
SIERRA LAKES COUNTY WATER DISTRICT,167256
SIERRA TELEPHONE,167523
SIGNAL HILL PETROLEUM INC,167524
SILICA NETWORKS,167527
SILICON VALLEY CLEAN WATER,167530
SILICON VALLEY POWER,167536
SILVER KNOLLS WATER,167540
SILVER SPRINGS G.I.D.,167543
SILVER SPRINGS WTR,167547
SISKIYOU TELEPHONE,167731
"SITE RESOURCES ONE, LLC",167732
60 CIVIL ENGR. SQ/CEOIF,167734
SKY HARBOUR WWD#38,167737
SKY LONDA MUTUAL WATER COMPANY,167741
"SKY RANCH ESTATES OWNERS ASSOCIATION, IN",167743
SMITH RIVER CSD,167744
SMITH RIVER RANCHERIA,167747
SNELLING COM SVC DIST,167751
SLAWSON EXPLORATION,167812
SOC HAWTHORNE DIVISION - OPERATING CONTR,167828
SOLANO IRR DIST,167838
"SONIC TELECOM, LLC",167883
SO SAN JOAQUIN MUD,167942
SONOMA CO WTR AGENCY,168364
SOQUEL CREEK WTR DIST,168575
SOUTH CLOVERDALE WATER CO.,168706
SOUTHGATE PARK DIST.,168733
SO CAL EDISON ALHAMBRA,168786
SOUTHERN CALIF. EDISON (TRANSMISSION),168892
SO CAL GAS BAKERSFIELD,168997
SO NEV WTR AUTHORITY,169209
S.DOS PALOS CO WTR,169893
SOUTH FEATHER WATER & POWER,169920
SOUTH PLACER MUD,169947
SOUTH SAN JOAQUIN I D,170000
S. SLO CO SANI DIST,170025
SW GAS NORTHERN CA,170052
SOUTH SUTTER WTR DIST,170056
SOUTH TAHOE PUD,170100
SWGAS ELKO/WINNEMUCCA,170263
SWGAS BULLHEAD CITY,170474
SPACE SYSTEMS/LORAL,170527
SPALDING COMMUNITY SVCS DIST,170540
SPB UTIL SVC INC.,170546
THE SPCA FOR MONTEREY COUNTY,170549
"SPIRIT MOUNTAIN UTILITY CO, INC.",170553
SPRECKELS WATER COMPANY,170566
SPRING CREEK UTILS,170579
SPRINGVILLE PUD,170685
SPRINT,170738
SPRINT NV,170764
SQUAW VALLEY MUTUAL WATER CO.,170844
SQUAW VALLEY PSD,170857
STAGECOACH G I D,170870
STALLION SPRINGS CSD,170883
PGE GAS TRANS BRENTWOOD,170896
STANFORD UNIVERSITY UTIL,171107
STANTEC CONSULTING CORP,171125
STAR CITY PROPERTY OWNERS ASSOCIATION,171179
"STARLINK LOGISTICS, INC.",171215
STARRH & STARRH COTTON GROWERS,171219
CA LEGISLATIVE DATA CENTER,171224
STATE NEV DOA-EITS,171233
STEAMBOAT SPRINGS WTR,171370
STEGE SANITARY DIST,171396
"STILL MEADOWS, MD-42",171410
STINSON BEACH CO WTR,171423
STOCKTON EAST WTR,171529
STONES/BENGARD COMMUNITY SERVICE DISTRIC,171571
STOREY COUNTY PUBLIC WORKS,171592
STRATFORD PUD,171859
STRATHMORE PUD,171906
STRYKER NEUROVASCULAR,172003
SUBURBAN PROPANE-ELY,172098
SUBURBAN PROPANE - OAKHURST,172115
SUDDENLINK COMMUNICATIONS-AUBURN,172133
SUDDENLINK COMM-HUMBOLDT,172139
SUGAR BOWL CORP.,172145
SUGARLOAF CSA#2 WTR,172192
"SUMNER HILL, SA-16",172194
SUNDALE MUTUAL WATER CO.,172197
SUN VALLEY WTR & SANI,172198
SUNNYSLOPE CO WTR DIS,172199
SUNRISE ACRES WATER,172201
"SUNSET RIDGE, MD-40",172204
SUBURBAN PROPANE YREKA,172209
SURPRISE VALLEY ELECTRIFICATION CORPORAT,172220
SURPRISE VALLEY ELECTRIFICATION CORPORAT,172221
SUTTER COM SVC DIST,172222
SUSANVILLE SANI DIST,172229
SWEETWATER SPRNGS WTR,172230
SUTTER HEALTH,172232
"SWISSPORT FUELING OF NEVADA, INC",172276
SWITCH BUS SOLUTIONS,172287
SWITCH LTD,172298
TAHOE CITY PUD,172373
TAHOE KEYS WATER CO.,172479
TAHOE PARK WATER CO.,172493
TAHOE RENO GID,172500
TAHOE SWISS VLG WTR,172506
TAHOE-DOUGLAS DIST,172518
TAHOE-TRUCKEE SANI,172532
TALMONT RESORT IMPROVEMENT DISTRICT,172572
TAMALPAIS COM SVCS,172585
TAMARACK ESTATES CSA1,172637
TDY INDUSTRIES INC,172734
TEAPOT DOME WTR DIST,172743
"TEAFORD MEADOWS, MD-24",172769
TEAM FISHEL,172776
"TBI-MISSION WEST, LLC",172782
TEHACHAPI-CUMINGS WTR,173006
TEKIFY FIBER LLC,173375
TELEPORT COMM SFO,173745
TELCOM NV LLC DBA XO COM,173903
TEMPLETON COM SVCS,174062
TERRA BELLA IRR DIST,174483
TERRA DE ORO WATER CO.,174561
TERRADEX INC.,174581
TESORO,174596
TEXACO MIDWAY,174621
THE BOEING COMPANY,174892
THE BOEING CO. - CA,174928
DAVID&LUCILE PACKRD FNDA,175010
THE IRVINE COMPANY,175032
NAHABEDIAN EXPL. GROUP,175055
THE PIG FARM,175101
THE PRESIDIO TRUST,175146
THE SEA RANCH WTR CO.,175486
THE TERMO CO. - PRINCETON,175525
THE VENDO COMPANY,175531
THE WEST SIDE IRRIGATION DIST,175539
THERMALITO WATER AND SEWER DISTRICT,175545
THOMAS MC LARTY - HOMEOWNER,175559
THREE CROWNS MOBILE MANOR,175568
THREE RIVERS,175573
TIMBER COVE CO WTR,175578
TIME WARNER CABLE,175634
TITANIUM METALS CORP,175652
TIPPETT STUDIO,175687
TIPTON COM SVC DIST,175697
TOKAY PARK WATER COMPANY,175700
TOLOWA DEE-NI' NATION,175702
TOMALES VILLAGE COMMUNITY SERVICES DISTR,175704
TONOPAH PUD,175710
TOPAZ RNCH ESTATE WTR,175717
TORRANCE LOGISTICS,175997
TOWN OF COLMA,176278
TOWN OF DISCOVERY BAY,176304
TOWN OF FORT JONES,176311
TOWN OF GARDNERVILLE,176317
TOWN OF HILLSBOROUGH,176330
TOWN OF LOOMIS,176382
TOWN OF LOS ALTOS HILLS,176409
TOWN OF LOS GATOS,176435
TOWN MINDEN,176488
TOWN OF MORAGA,176514
TOWN OF ROSS,176541
TOWN OF SAN ANSELMO,176567
TOWN OF TIBURON,176573
TOWN OF TRUCKEE,176580
TOWN OF WOODSIDE,176586
TOWN OF YOUNTVILLE,176593
TPX COMMUNICATIONS I,176606
TPX COMMUNICATIONS II,176613
TRACT 92 COMMUNITY SERVICE DISTRICT,176620
TRANQUILLITY IRR DIST,176699
TRANS BAY CABLE LLC,176705
TRANSMONTAIGNE,176708
TREASURE CREEK WOODS MUTUAL WATER CO.,176712
TREASURE ISL UTIL OPS,176725
"TRICOR REFINING, LLC",176765
TRINITY CO WTRWORKS #1,176919
TRINITY PUBLIC UTILITY DISTRICT,176967
TROUT GULCH MUTUAL WATER CORPORATION,177003
TRUCKEE SANIT DIST,177015
TRUCKEE-DONNER PUD,177226
TRUCKEE MEADOWS WATER AUTHORITY,177253
TRUCKEE TAHOE PROPANE / AMERIGAS,177299
TULARE COUNTY FEDERAL CREDIT UNION,177345
TULARE CO INFO & COMM TECH,177391
TULARE LAKE DRN DIST,177437
TUOLUMNE CITY SANITARY DISTRICT,177730
TUOLUMNE UTILS DIST,177754
TURLOCK IRRIG DIST,177859
TURNER GAS CO.,178070
TUSCARORA GAS TRANSMISSION - CA,178176
TUSCARORA GAS TRANSMISSION - NV,178229
TWAIN HARTE COMMUNITY SERVICES DIST,178255
260 RESOURCE MANAGEMENT LLC,178584
UKIAH VLY SANIT DIST,178914
SUDDENLINK COMM - NV,179142
UNIVERSITY OF CALIFORNIA MERCED FIBER,179272
"UNEV PIPELINE, LLC.",179402
UNION HEIGHTS MUTUAL WATER COMPANY,179646
UNION PACIFIC RAILROAD,179891
UNION PUBLIC UTILITY DISTRICT,179917
UNION SANITARY,179970
UNIVERSAL PARAGON CORPORATION,179993
UNIVAR USA INC.,180375
UNOCAL,180405
"UNIVERSITY OF CALIFORNIA, BERKELEY",180411
U.C.DAVIS MEDICAL CTR,180418
UNIVERSITY DAVIS FACILITIES O & M UTILIT,180444
UNIVERSITY OF CALIFORNIA HASTINGS COLLEG,180447
UNIVERSITY OF CALIFORNIA MERCED,180453
UNIVERSITY OF NEVADA RENO,180457
UNIVERSITY PACIFIC,180470
UNIV OF THE PACIFIC SAC AREA,180471
U.S. BORAX,180472
USA MEDIA GROUP RENO,180493
USA MEDIA GROUP TRUCKEE,180495
USS-POSCO INDUSTRIES,180813
UTICA POWER AUTHORITY,180820
UTILITIES INC OF CENTRAL NEVADA,180840
UTILITIES INC. NEV,180866
UTILITY TELEPHONE INC,180885
VALERO ENERGY CORPORATION,180905
VALERO REFINING CO - CA,180945
"VALETA, MD-85",180971
VALLEJO SANITATION&FLOOD,181024
VALLEY ELECTRIC ASSOC (NV),181129
VALLEY ELECTRIC ASSOC (CA),181182
VLY OF THE MOON WATER,181235
VALLEY SPRINGS PUBLIC UTILITY DIST,181288
VALLEY TRANSPORTATION AUTHORITY,181322
VALLEY WTR MANAGEMENT CO,181323
VANDALIA IRRIG DIST,181328
VAQUERO ENERGY,181335
VAUGHN WTR CO INC,181341
VELOCITY COM INC,181344
VENIDA PACKING COMPANY,181347
"VEOLIA WATER NORTH AMERICA, WEST LLC.",181363
VERDI MEADOWS UTIL CO,181367
VERDI MUTUAL WATER CO,181394
VETERANS HOME OF CALIFORNIA,181419
"VIASAT, INC. (CA)",181420
"VIASAT, INC. (NV)",181423
VIRGIN VALLEY WATER,181428
VISALIA MEDICAL CLINIC,181431
VOLCANO TELEPHONE COMPANY,182423
WALKER LAKE WATER GID,182433
WARD WELL WTR CO INC,182476
WASTE MANAGEMENT,182489
WAVE BROADBAND - CONCORD,182579
WAVE BROADBAND - GARBERVILLE,182670
WAVE BROADBAND-ROCKLIN,182706
WAVE BROADBAND - SAC REGION,182743
WEAVERVILLE C S D,182778
WAVE BROADBAND-SF,182808
WEAVERVILLE SANI DIST,182837
WEBB MH PARK LLC,182867
WEIMAR WATER COMPANY,182897
WEIR FLOWAY/GEOSYNTEC CO,183045
WELLS RURAL ELEC,183134
WES BRADFORD PROPERTIES LLC,183148
"WESCO OPERATING, INC.",183160
WESPAC PIPELINES LTD,183187
W.ALMANOR MUTUAL WATER,183239
WEST BAY SANITARY,183345
WEST COAST GAS - CAFB,183372
WEST COAST GAS CO. INC,183398
WESTERN ACRES MUTUAL WATER,183476
WESTERN HILLS WATER DISTRICT,183495
WESTERN STATES PROPANE,183515
WESTERN DIGITAL,183766
WESTBOROUGH WATER DIST,183978
WEST COUNTY WASTEWATER DIST,184085
WEST KERN WATER DIST,184929
WESTHAVEN COM SVC DIST,184981
WESTLANDS WATER DIST,185033
"WESTON SOLUTIONS, INC",185138
WESTSIDE SOLAR LLC,185191
WESTSIDE WATER DIST,185244
WEST SAN MARTIN WATER WORKS,185298
WEST VALLEY CONST CO,185325
WEST VLY SANI DIST SCLA,185350
WESTWOOD COM SVCS DIST,185455
WHEELER RIDGE-MARICOPA WTR STORAGE DIST,185666
"WHITE KNIGHT PRODUCTION, LLC",185676
WHITNEY POINT SOLAR LLC,185681
WICKLAND PIPELINES LLC,185686
WILD GOOSE STORAGE,185705
WILDWOOD ISLAND CSA#5,185718
WILLOW COUNTY WATER DIST,185771
WILLOW CREEK CSD,185824
WINDJAMMER CABLE,185849
WINDJAMMER CA-SUSANVILLE,185862
WINDSOR WATER DIST,185877
WINTON WTR & SANI DIST,185930
WM. BOLTHOUSE FARMS INC.,186124
WOODBRIDGE SANITARY DISTRICT,186160
WOODLANDS-DAVIS CLEAN WTR AGENCY,186196
WOODLANDS MUTUAL WATER,186268
WOODVILLE PUD,186317
360 NETWORKS,186333
XO COMM SVCS DBA XO COMM,186415
CO YOLO FC&WTR CON DIST,186443
YOSEMITE NATIONAL PRK,186545
YOSEMITE WEST WATER DISTRICT,186558
YOSEMITE SPRING PARK UTILITY,186572
ZAYO 2,186573
ZAYO - CA,186574
ZAYO GROUP LLC FNA NETWORKS 360,186575
USA NORTH TEST CODE,811TEST
AMERIGAS JAMESTOWN 1156,AMEJAM
AMERIGAS OAKHURST 7147,AMEOAK
TEST CODE,JRSTEST
LAM RESEARCH,LAMRES
M & L WELL SERVICE,MLWELL
MPOWER COMMUNICATIONS - TEST ONLY,MPOWER
NORTH KERN WATER STORAGE DIST,NKEWTR
VANTAGE DATA CENTERS,VANTDC
WESTERN HILLS WATER DISTRICT,WHWDIS
